100a.jpg,female,1.44206008583691,0.6627218934911243,0.7041420118343196,0.322202166064982,0.4575812274368231
101a.jpg,female,1.5411255411255411,0.716297786720322,0.7545271629778671,0.32665505226480834,0.4329268292682927
102a.jpg,female,1.2806324110671936,0.629126213592233,0.6621359223300971,0.32169811320754715,0.4858490566037736
103a.jpg,female,1.2924187725631768,0.6183074265975821,0.6269430051813472,0.2995049504950495,0.4777227722772277
104a.jpg,female,1.3076923076923077,0.6159420289855072,0.6739130434782609,0.31208053691275167,0.46308724832214765
105a.jpg,female,1.3829787234042554,0.7587548638132295,0.8132295719844358,0.34717607973421927,0.4269102990033223
106a.jpg,female,1.2371134020618557,0.6417112299465241,0.7183600713012478,0.330327868852459,0.4598360655737705
117a.jpg,female,1.5981308411214954,0.7339055793991416,0.7253218884120172,0.32751937984496127,0.45155038759689925
119a.jpg,female,1.3556485355648535,0.6908315565031983,0.7825159914712153,0.3462264150943396,0.44245283018867926
11a.jpg,female,1.4188034188034189,0.5743944636678201,0.5536332179930796,0.2857142857142857,0.5160714285714286
121a.jpg,female,1.296,0.6666666666666666,0.7407407407407407,0.3345724907063197,0.4516728624535316
122a.jpg,female,1.4232209737827715,0.7129455909943715,0.7448405253283302,0.33758503401360546,0.4532312925170068
123a.jpg,female,1.381679389312977,0.6830188679245283,0.7094339622641509,0.31438127090301005,0.4431438127090301
124a.jpg,female,1.437956204379562,0.8106995884773662,0.8353909465020576,0.34290540540540543,0.41047297297297297
125a.jpg,female,1.1546391752577319,0.676056338028169,0.8028169014084507,0.3463541666666667,0.4314236111111111
126a.jpg,female,1.3409961685823755,0.6542056074766355,0.685981308411215,0.325354609929078,0.47429078014184395
127a.jpg,female,1.2129963898916967,0.6424474187380497,0.7246653919694073,0.3312937062937063,0.4571678321678322
128a.jpg,female,1.2345679012345678,0.6802721088435374,0.7687074829931972,0.32848837209302323,0.4273255813953488
129a.jpg,female,1.2234432234432235,0.6587771203155819,0.7633136094674556,0.33710801393728224,0.4416376306620209
12a.jpg,female,1.4008097165991902,0.7440860215053764,0.7720430107526882,0.33614232209737827,0.4353932584269663
130a.jpg,female,1.4695652173913043,0.678714859437751,0.6947791164658634,0.31684981684981683,0.45604395604395603
131a.jpg,female,1.211895910780669,0.6863157894736842,0.8105263157894737,0.3449820788530466,0.42562724014336917
132a.jpg,female,1.4142259414225942,0.7331887201735358,0.7483731019522777,0.33045977011494254,0.44157088122605365
133a.jpg,female,1.5260663507109005,0.7171492204899778,0.7505567928730512,0.32782101167315175,0.4367704280155642
134a.jpg,female,1.4273858921161826,0.7366167023554604,0.7430406852248393,0.32859848484848486,0.4422348484848485
135a.jpg,female,1.3562231759656653,0.7069351230425056,0.7583892617449665,0.339,0.447
136a.jpg,female,1.2698412698412698,0.6837606837606838,0.6752136752136753,0.3110236220472441,0.46062992125984253
137a.jpg,female,1.336283185840708,0.6593886462882096,0.6943231441048034,0.318,0.458
138a.jpg,female,1.4204946996466432,0.7960396039603961,0.8732673267326733,0.35111464968152867,0.4020700636942675
139a.jpg,female,1.4912280701754386,0.7083333333333334,0.7,0.3218390804597701,0.45977011494252873
140a.jpg,female,1.184115523465704,0.7208791208791209,0.8769230769230769,0.36672794117647056,0.4181985294117647
141a.jpg,female,1.1666666666666667,0.717948717948718,0.8931623931623932,0.3718861209964413,0.41637010676156583
142a.jpg,female,1.485981308411215,0.775609756097561,0.8536585365853658,0.3528225806451613,0.41330645161290325
143a.jpg,female,1.424778761061947,0.7931034482758621,0.9211822660098522,0.361003861003861,0.3918918918918919
144a.jpg,female,1.4178403755868545,0.727710843373494,0.7734939759036145,0.3400423728813559,0.4396186440677966
145a.jpg,female,1.3233082706766917,0.6743295019157088,0.7164750957854407,0.3269230769230769,0.4562937062937063
146a.jpg,female,1.5130434782608695,0.7467811158798283,0.8369098712446352,0.3482142857142857,0.4160714285714286
149a.jpg,female,1.4590747330960854,0.7839388145315488,0.8432122370936902,0.35111464968152867,0.4164012738853503
150a.jpg,female,1.3517786561264822,0.6965376782077393,0.7963340122199593,0.33591065292096217,0.4218213058419244
151a.jpg,female,1.3492063492063493,0.7391304347826086,0.8217391304347826,0.33992805755395683,0.4136690647482014
155a.jpg,female,1.3192982456140352,0.8051391862955032,0.815845824411135,0.34139784946236557,0.41845878136200715
156a.jpg,female,1.36986301369863,0.6564551422319475,0.7155361050328227,0.3256972111553785,0.4551792828685259
157a.jpg,female,1.456,0.8088888888888889,0.8133333333333334,0.35192307692307695,0.4326923076923077
158a.jpg,female,1.2361111111111112,0.8557692307692307,0.9423076923076923,0.36162361623616235,0.3837638376383764
159a.jpg,female,1.3846153846153846,0.7894736842105263,0.8552631578947368,0.3584558823529412,0.41911764705882354
15a.jpg,female,1.3306772908366533,0.7438752783964365,0.8040089086859689,0.3484555984555985,0.4333976833976834
160a.jpg,female,1.5217391304347827,0.7510729613733905,0.7081545064377682,0.3125,0.4412878787878788
161a.jpg,female,1.3021582733812949,0.7211155378486056,0.7768924302788844,0.33620689655172414,0.43275862068965515
162a.jpg,female,1.245674740484429,0.7643312101910829,0.8598726114649682,0.3479381443298969,0.40463917525773196
163a.jpg,female,1.5081967213114753,0.6917293233082706,0.6992481203007519,0.32517482517482516,0.46503496503496505
164a.jpg,female,1.3385826771653544,0.6772908366533864,0.7609561752988048,0.34601449275362317,0.45471014492753625
166a.jpg,female,1.383050847457627,0.7771428571428571,0.7790476190476191,0.33745874587458746,0.43316831683168316
167a.jpg,female,1.4334763948497855,0.6747474747474748,0.696969696969697,0.3279467680608365,0.470532319391635
168a.jpg,female,1.4122137404580153,0.7489878542510121,0.8137651821862348,0.335,0.4116666666666667
169a.jpg,female,1.3333333333333333,0.728744939271255,0.8137651821862348,0.33952702702702703,0.4172297297297297
170a.jpg,female,1.36,0.7623318385650224,0.8251121076233184,0.3552123552123552,0.4305019305019305
172a.jpg,female,1.2142857142857142,0.7192307692307692,0.8076923076923077,0.3431372549019608,0.42483660130718953
173a.jpg,female,1.4044444444444444,0.6282306163021869,0.6461232604373758,0.3077651515151515,0.47632575757575757
174a.jpg,female,1.5486725663716814,0.708502024291498,0.7125506072874493,0.31095406360424027,0.4363957597173145
175a.jpg,female,1.0555555555555556,0.6333333333333333,0.775,0.3286219081272085,0.42402826855123676
176a.jpg,female,1.5020746887966805,0.7433264887063655,0.7453798767967146,0.3312043795620438,0.4443430656934307
177a.jpg,female,1.5,0.744,0.68,0.3125,0.45955882352941174
178a.jpg,female,1.3676975945017182,0.8559139784946237,0.9139784946236559,0.3715034965034965,0.40646853146853146
180a.jpg,female,1.3618677042801557,0.7246376811594203,0.7929606625258799,0.3444244604316547,0.43435251798561153
181a.jpg,female,1.3460076045627376,0.6847195357833655,0.7601547388781431,0.33762886597938147,0.44415807560137455
183a.jpg,female,1.6032388663967612,0.7779960707269156,0.7328094302554028,0.32719298245614037,0.44649122807017544
184a.jpg,female,1.4919354838709677,0.74,0.712,0.3167259786476868,0.44483985765124556
189a.jpg,female,1.4937759336099585,0.7708779443254818,0.7601713062098501,0.33239700374531833,0.43726591760299627
195a.jpg,female,1.2277992277992278,0.7210884353741497,0.7596371882086168,0.32587548638132297,0.428988326848249
196a.jpg,female,1.2816901408450705,0.7711864406779662,0.8347457627118644,0.343205574912892,0.41114982578397213
197a.jpg,female,1.3409090909090908,0.7629310344827587,0.8232758620689655,0.34601449275362317,0.42028985507246375
198a.jpg,female,1.5852534562211982,0.7835990888382688,0.7995444191343963,0.3468379446640316,0.43379446640316205
199a.jpg,female,1.4112903225806452,0.7352941176470589,0.8067226890756303,0.34532374100719426,0.42805755395683454
200a.jpg,female,1.2,0.7341772151898734,0.8185654008438819,0.354014598540146,0.4324817518248175
21a.jpg,female,1.3779527559055118,0.7510729613733905,0.7811158798283262,0.3446969696969697,0.4412878787878788
25a.jpg,female,1.3285714285714285,0.7815126050420168,0.8739495798319328,0.35738831615120276,0.40893470790378006
26a.jpg,female,1.4430379746835442,0.7261146496815286,0.7537154989384289,0.33364661654135336,0.4426691729323308
28a.jpg,female,1.3828996282527881,0.7766179540709812,0.7703549060542797,0.32597173144876324,0.42314487632508835
29a.jpg,female,1.1736526946107784,0.7871485943775101,0.9036144578313253,0.3775167785234899,0.41778523489932884
37a.jpg,female,1.28125,0.7387387387387387,0.8153153153153153,0.353515625,0.43359375
39a.jpg,female,1.5069767441860464,0.7552447552447552,0.7668997668997669,0.3357142857142857,0.4377551020408163
43a.jpg,female,1.5804878048780489,0.7380410022779044,0.7266514806378133,0.31646825396825395,0.435515873015873
51a.jpg,female,1.3654618473895583,0.6451612903225806,0.6470588235294118,0.31113138686131386,0.48083941605839414
58a.jpg,female,1.4841269841269842,0.73046875,0.75,0.3356643356643357,0.44755244755244755
60a.jpg,female,1.31496062992126,0.7229437229437229,0.8051948051948052,0.35094339622641507,0.4358490566037736
62a.jpg,female,1.455223880597015,0.7169117647058824,0.7169117647058824,0.32608695652173914,0.45484949832775917
69a.jpg,female,1.2857142857142858,0.7215189873417721,0.7468354430379747,0.3302238805970149,0.44216417910447764
75a.jpg,female,1.4331983805668016,0.7298969072164948,0.7030927835051546,0.31113138686131386,0.4425182481751825
78a.jpg,female,1.488,0.7848101265822784,0.7932489451476793,0.3418181818181818,0.4309090909090909
79a.jpg,female,1.245136186770428,0.6625258799171843,0.7556935817805382,0.3392193308550186,0.44888475836431224
84a.jpg,female,1.3770491803278688,0.7304347826086957,0.7260869565217392,0.3211538461538462,0.4423076923076923
85a.jpg,female,1.2945454545454544,0.6833013435700576,0.727447216890595,0.33480565371024734,0.46024734982332155
86a.jpg,female,1.3166666666666667,0.6583333333333333,0.7375,0.33270676691729323,0.45112781954887216
87a.jpg,female,1.2863070539419088,0.6471816283924844,0.7160751565762005,0.3310810810810811,0.4623552123552124
91a.jpg,female,1.3697478991596639,0.6877637130801688,0.729957805907173,0.33657587548638135,0.46108949416342415
96a.jpg,female,1.502183406113537,0.6785009861932939,0.7120315581854043,0.3234767025089606,0.4543010752688172
97a.jpg,female,1.1890034364261168,0.7075664621676891,0.8568507157464212,0.35388513513513514,0.41300675675675674
98a.jpg,female,1.4827586206896552,0.7166666666666667,0.7416666666666667,0.3296296296296296,0.4444444444444444
99a.jpg,female,1.4296875,0.6727941176470589,0.7169117647058824,0.3282828282828283,0.45791245791245794
107a.jpg,male,1.2384341637010676,0.7451820128479657,0.8715203426124197,0.35452961672473865,0.406794425087108
108a.jpg,male,1.4307692307692308,0.744,0.836,0.34375,0.41118421052631576
109a.jpg,male,1.381294964028777,0.7966804979253111,0.8879668049792531,0.35906040268456374,0.40436241610738255
10a.jpg,male,1.3358490566037735,0.7094188376753507,0.7675350701402806,0.338339222614841,0.44081272084805656
110a.jpg,male,1.3919413919413919,0.7867494824016563,0.8467908902691511,0.3466101694915254,0.40932203389830507
111a.jpg,male,1.3531598513011152,0.680373831775701,0.7345794392523365,0.33080808080808083,0.4503367003367003
112a.jpg,male,1.4960629921259843,0.7509881422924901,0.7509881422924901,0.328719723183391,0.43771626297577854
113a.jpg,male,1.7405857740585775,0.8648648648648649,0.8378378378378378,0.3392255892255892,0.4048821548821549
114a.jpg,male,1.2779783393501805,0.6873786407766991,0.8174757281553398,0.3373397435897436,0.4126602564102564
115a.jpg,male,1.2508833922261484,0.6900584795321637,0.7582846003898636,0.3376736111111111,0.4453125
116a.jpg,male,1.3436293436293436,0.6529080675422139,0.6960600375234521,0.31872852233676974,0.4579037800687285
118a.jpg,male,1.3202614379084967,0.8595744680851064,0.9319148936170213,0.3566775244299674,0.38273615635179153
120a.jpg,male,1.2377622377622377,0.7165991902834008,0.8340080971659919,0.356401384083045,0.4273356401384083
13a.jpg,male,1.3159851301115242,0.7712418300653595,0.8518518518518519,0.34910714285714284,0.40982142857142856
147a.jpg,male,1.338235294117647,0.7459016393442623,0.8155737704918032,0.34192439862542956,0.41924398625429554
148a.jpg,male,1.263843648208469,0.744721689059501,0.8848368522072937,0.3682108626198083,0.41613418530351437
14a.jpg,male,1.4493927125506072,0.7089108910891089,0.691089108910891,0.30190311418685123,0.43685121107266434
152a.jpg,male,1.346774193548387,0.7016806722689075,0.7352941176470589,0.32169117647058826,0.4375
153a.jpg,male,1.4854771784232366,0.7665952890792291,0.815845824411135,0.34386281588447654,0.4214801444043321
154a.jpg,male,1.3286713286713288,0.7883817427385892,0.8879668049792531,0.3474025974025974,0.3912337662337662
165a.jpg,male,1.1629392971246006,0.717948717948718,0.854043392504931,0.34919354838709676,0.4088709677419355
16a.jpg,male,1.4322033898305084,0.7222222222222222,0.7735042735042735,0.3315018315018315,0.42857142857142855
171a.jpg,male,1.2610169491525425,0.7366336633663366,0.8138613861386138,0.3471283783783784,0.4265202702702703
17a.jpg,male,1.3127147766323024,0.7166979362101313,0.7786116322701688,0.3401639344262295,0.43688524590163935
182a.jpg,male,1.279742765273312,0.7881188118811882,0.8930693069306931,0.3613782051282051,0.4046474358974359
185a.jpg,male,1.41991341991342,0.7053763440860215,0.832258064516129,0.3418727915194346,0.4107773851590106
186a.jpg,male,1.4820717131474104,0.806941431670282,0.8524945770065075,0.3447368421052632,0.4043859649122807
187a.jpg,male,1.388316151202749,0.854122621564482,0.945031712473573,0.3725,0.39416666666666667
188a.jpg,male,1.3754385964912281,0.8394004282655246,0.9357601713062098,0.3641666666666667,0.38916666666666666
18a.jpg,male,1.4741035856573705,0.7822410147991543,0.8224101479915433,0.3448581560283688,0.41932624113475175
190a.jpg,male,1.164983164983165,0.728421052631579,0.8736842105263158,0.36276223776223776,0.4152097902097902
191a.jpg,male,1.2808219178082192,0.8060344827586207,0.9612068965517241,0.3667763157894737,0.3815789473684211
192a.jpg,male,1.3695652173913044,0.8076923076923077,0.8803418803418803,0.34797297297297297,0.3952702702702703
193a.jpg,male,1.5299145299145298,0.8647342995169082,0.9420289855072463,0.3532608695652174,0.375
194a.jpg,male,1.4782608695652173,0.783410138248848,0.8617511520737328,0.34501845018450183,0.4003690036900369
19a.jpg,male,1.2346570397111913,0.7862068965517242,0.8942528735632184,0.3642322097378277,0.40730337078651685
1a.jpg,male,1.3953488372093024,0.7929515418502202,0.8414096916299559,0.3498168498168498,0.4157509157509158
20a.jpg,male,1.3192982456140352,0.791578947368421,0.9157894736842105,0.3686440677966102,0.4025423728813559
22a.jpg,male,1.3505535055350553,0.773784355179704,0.8858350951374208,0.3575085324232082,0.4035836177474403
23a.jpg,male,1.2244897959183674,0.7114624505928854,0.8735177865612648,0.35760517799352753,0.40938511326860844
24a.jpg,male,1.6317991631799162,0.8041237113402062,0.8144329896907216,0.3428819444444444,0.4210069444444444
27a.jpg,male,1.3043478260869565,0.75,0.85,0.35051546391752575,0.41237113402061853
2a.jpg,male,1.1245791245791246,0.6747474747474748,0.8141414141414142,0.35726950354609927,0.43882978723404253
30a.jpg,male,1.2090032154340835,0.7504990019960079,0.8602794411177644,0.34646302250803857,0.40273311897106107
31a.jpg,male,1.264516129032258,0.7626459143968871,0.8832684824902723,0.3614649681528662,0.40923566878980894
32a.jpg,male,1.2814814814814814,0.7238493723849372,0.8661087866108786,0.35084745762711866,0.40508474576271186
33a.jpg,male,1.2215189873417722,0.7782258064516129,0.9596774193548387,0.38263665594855306,0.3987138263665595
34a.jpg,male,1.2605633802816902,0.7396694214876033,0.8884297520661157,0.3595317725752508,0.40468227424749165
35a.jpg,male,1.5366795366795367,0.8073022312373225,0.8742393509127789,0.3453525641025641,0.39503205128205127
36a.jpg,male,1.4177215189873418,0.7584650112866818,0.837471783295711,0.3460820895522388,0.41324626865671643
38a.jpg,male,1.5234375,0.9112149532710281,0.9579439252336449,0.3609154929577465,0.3767605633802817
3a.jpg,male,1.3623188405797102,0.8173913043478261,0.9130434782608695,0.3595890410958904,0.3938356164383562
40a.jpg,male,1.3257575757575757,0.8101851851851852,0.8842592592592593,0.35767790262172283,0.4044943820224719
41a.jpg,male,1.5222672064777327,0.8374164810690423,0.8530066815144766,0.3599624060150376,0.42199248120300753
42a.jpg,male,1.3242320819112627,0.8603104212860311,0.9423503325942351,0.3565436241610738,0.3783557046979866
44a.jpg,male,1.2754716981132075,0.7842227378190255,0.9350348027842227,0.3611111111111111,0.38620071684587814
45a.jpg,male,1.391304347826087,0.8243559718969555,0.9297423887587822,0.36222627737226276,0.3895985401459854
46a.jpg,male,1.411320754716981,0.8926014319809069,0.9952267303102625,0.3736559139784946,0.37544802867383514
47a.jpg,male,1.3632958801498127,0.8406466512702079,0.9260969976905312,0.36454545454545456,0.3936363636363636
48a.jpg,male,1.4865900383141764,0.8919540229885058,0.9218390804597701,0.3593189964157706,0.3897849462365591
49a.jpg,male,1.297709923664122,0.74235807860262,0.8820960698689956,0.3506944444444444,0.3975694444444444
4a.jpg,male,1.2258064516129032,0.6772277227722773,0.80990099009901,0.33524590163934426,0.4139344262295082
50a.jpg,male,1.8130841121495327,0.766798418972332,0.758893280632411,0.3310344827586207,0.4362068965517241
52a.jpg,male,1.273972602739726,0.7560975609756098,0.8048780487804879,0.3613138686131387,0.4489051094890511
53a.jpg,male,1.3492063492063493,0.8252427184466019,0.941747572815534,0.36329588014981273,0.3857677902621723
54a.jpg,male,1.5196850393700787,0.8212765957446808,0.8297872340425532,0.34330985915492956,0.4137323943661972
55a.jpg,male,1.5775862068965518,0.8472222222222222,0.9120370370370371,0.36617100371747213,0.40148698884758366
56a.jpg,male,1.416,0.8082191780821918,0.8493150684931506,0.35361216730038025,0.41634980988593157
57a.jpg,male,1.2411347517730495,0.7641921397379913,0.8646288209606987,0.358695652173913,0.4148550724637681
59a.jpg,male,1.3288135593220338,0.7523992322456814,0.9232245681381958,0.37461059190031154,0.4057632398753894
61a.jpg,male,1.5934959349593496,0.7808764940239044,0.8326693227091634,0.34039087947882735,0.40879478827361565
63a.jpg,male,1.3675889328063242,0.7473002159827213,0.8142548596112311,0.34397810218978103,0.42244525547445255
64a.jpg,male,1.5784753363228698,0.7702407002188184,0.7811816192560175,0.32933579335793356,0.4215867158671587
65a.jpg,male,1.3441295546558705,0.7078891257995735,0.7910447761194029,0.3422509225092251,0.4326568265682657
66a.jpg,male,1.6049382716049383,0.8315565031982942,0.8635394456289979,0.352787456445993,0.40853658536585363
67a.jpg,male,1.4523809523809523,0.75,0.8688524590163934,0.3509933774834437,0.40397350993377484
68a.jpg,male,1.2357142857142858,0.6975806451612904,0.8629032258064516,0.36271186440677966,0.42033898305084744
6a.jpg,male,1.3874538745387455,0.6799276672694394,0.7215189873417721,0.3313953488372093,0.45930232558139533
70a.jpg,male,1.4412955465587045,0.7280163599182005,0.7627811860940695,0.33303571428571427,0.43660714285714286
71a.jpg,male,1.1081081081081081,0.6212121212121212,0.7083333333333334,0.3246527777777778,0.4583333333333333
72a.jpg,male,1.4127659574468086,0.6680080482897385,0.7142857142857143,0.3299256505576208,0.46189591078066916
73a.jpg,male,1.3381818181818181,0.7525562372188139,0.8077709611451943,0.3489399293286219,0.43197879858657245
74a.jpg,male,1.413919413919414,0.7613412228796844,0.7790927021696252,0.3416955017301038,0.43858131487889274
76a.jpg,male,1.3703703703703705,0.7872340425531915,0.8127659574468085,0.3410714285714286,0.41964285714285715
77a.jpg,male,1.1947194719471947,0.7589098532494759,0.8909853249475891,0.3626279863481229,0.4069965870307167
7a.jpg,male,1.4715447154471544,0.7211155378486056,0.7808764940239044,0.3356164383561644,0.4297945205479452
80a.jpg,male,1.414448669201521,0.7670103092783506,0.8185567010309278,0.3482456140350877,0.42543859649122806
81a.jpg,male,1.0572390572390573,0.6003824091778203,0.7323135755258127,0.3267918088737201,0.4462457337883959
82a.jpg,male,1.391304347826087,0.7348643006263048,0.7828810020876826,0.3409090909090909,0.4354545454545454
83a.jpg,male,1.7105263157894737,0.7862903225806451,0.7782258064516129,0.3304794520547945,0.4246575342465753
88a.jpg,male,1.6529680365296804,0.7784946236559139,0.8021505376344086,0.33664259927797835,0.4196750902527076
89a.jpg,male,1.26007326007326,0.6785009861932939,0.7830374753451677,0.3446180555555556,0.4401041666666667
8a.jpg,male,1.2286689419795223,0.7453416149068323,0.8343685300207039,0.35600706713780916,0.42667844522968196
90a.jpg,male,1.3174603174603174,0.680327868852459,0.7745901639344263,0.34115523465703973,0.4404332129963899
92a.jpg,male,1.3220338983050848,0.6610169491525424,0.7542372881355932,0.3333333333333333,0.4419475655430712
93a.jpg,male,1.2150170648464165,0.6704331450094162,0.7702448210922788,0.33745874587458746,0.4381188118811881
94a.jpg,male,1.3680297397769516,0.7090558766859345,0.7533718689788054,0.3394097222222222,0.4505208333333333
95a.jpg,male,1.1660777385159011,0.6918238993710691,0.8406708595387841,0.35175438596491226,0.41842105263157897
9a.jpg,male,1.3790613718411553,0.6833631484794276,0.8032200357781754,0.34327217125382264,0.42737003058103973
S010_006_00000001.png,female,1.266846361185984,0.6591865357643759,0.7026647966339411,0.33489304812834225,0.4766042780748663
S011_004_00000001.png,female,1.4054054054054055,0.6545454545454545,0.6895104895104895,0.3243421052631579,0.47039473684210525
S014_003_00000001.png,female,1.3836858006042296,0.5717852684144819,0.5980024968789014,0.3062659846547315,0.5121483375959079
S022_006_00000001.png,female,1.3307692307692307,0.5474683544303798,0.6392405063291139,0.3126934984520124,0.4891640866873065
S026_004_00000001.png,female,1.391304347826087,0.5543307086614173,0.5496062992125984,0.2805466237942122,0.5104501607717041
S028_001_00000001.png,female,1.3281853281853282,0.588034188034188,0.6136752136752137,0.3052721088435374,0.49744897959183676
S029_001_00000001.png,female,1.6555023923444976,0.5975820379965457,0.5544041450777202,0.2757731958762887,0.49742268041237114
S032_006_00000001.png,female,1.5047619047619047,0.5249169435215947,0.5681063122923588,0.2840531561461794,0.5
S034_005_00000001.png,female,1.4132231404958677,0.5681063122923588,0.5913621262458472,0.2986577181208054,0.5050335570469798
S035_002_00000001.png,female,1.3497942386831276,0.5684575389948007,0.6152512998266898,0.3103146853146853,0.5043706293706294
S046_005_00000001.png,female,1.3486590038314177,0.6037735849056604,0.6397941680960549,0.30980066445182725,0.48421926910299
S051_002_00000001.png,female,1.325227963525836,0.5246690734055355,0.5691937424789411,0.2948877805486284,0.5180798004987531
S052_004_00000001.png,female,1.4,0.5686274509803921,0.6274509803921569,0.30517711171662126,0.48637602179836514
S055_003_00000001.png,female,1.4736842105263157,0.5616045845272206,0.5787965616045845,0.29190751445086704,0.5043352601156069
S057_002_00000001.png,female,1.2615384615384615,0.6710310965630114,0.7250409165302782,0.3366261398176292,0.4642857142857143
S059_002_00000001.png,female,1.391304347826087,0.5900709219858156,0.6368794326241135,0.3126740947075209,0.4909470752089137
S060_003_00000001.png,female,1.2705167173252279,0.5338441890166028,0.5938697318007663,0.302734375,0.509765625
S060_005_00000001.png,female,1.2666666666666666,0.5211970074812967,0.5760598503740648,0.2969151670951157,0.5154241645244216
S061_002_00000001.png,female,1.5418181818181818,0.6453576864535768,0.6286149162861492,0.306379821958457,0.4873887240356083
S065_003_00000001.png,female,1.4122137404580153,0.5873015873015873,0.6444444444444445,0.3048048048048048,0.47297297297297297
S066_003_00000001.png,female,1.3485342019543973,0.6079295154185022,0.6505139500734214,0.31197183098591547,0.4795774647887324
S067_003_00000001.png,female,1.4206896551724137,0.622356495468278,0.6797583081570997,0.32894736842105265,0.48391812865497075
S068_001_00000001.png,female,1.4903474903474903,0.5701624815361891,0.5893648449039882,0.2959940652818991,0.5022255192878339
S068_003_00000001.png,female,1.5116279069767442,0.5786350148367952,0.5964391691394659,0.2973372781065089,0.4985207100591716
S069_004_00000001.png,female,1.5034482758620689,0.5907859078590786,0.5907859078590786,0.3002754820936639,0.5082644628099173
S070_001_00000001.png,female,1.5303030303030303,0.6196319018404908,0.6104294478527608,0.30060422960725075,0.49244712990936557
S070_003_00000001.png,female,1.479553903345725,0.5931445603576752,0.5856929955290611,0.29416167664670656,0.5022455089820359
S071_003_00000001.png,female,1.5461538461538462,0.6525974025974026,0.6363636363636364,0.3111111111111111,0.4888888888888889
S072_004_00000001.png,female,1.4142857142857144,0.5789473684210527,0.5818713450292398,0.29008746355685133,0.49854227405247814
S074_003_00000001.png,female,1.3356164383561644,0.5416666666666666,0.6027777777777777,0.3064971751412429,0.5084745762711864
S076_004_00000001.png,female,1.3674121405750799,0.7241962774957699,0.7428087986463621,0.33562691131498473,0.4518348623853211
S077_002_00000001.png,female,1.2516129032258065,0.6360655737704918,0.7049180327868853,0.32674772036474165,0.4635258358662614
S078_003_00000001.png,female,1.3310344827586207,0.5902140672782875,0.6330275229357798,0.31268882175226587,0.49395770392749244
S080_003_00000001.png,female,1.351170568561873,0.5829725829725829,0.6392496392496393,0.3128531073446328,0.4894067796610169
S083_003_00000001.png,female,1.550877192982456,0.6548148148148148,0.5940740740740741,0.3019578313253012,0.5082831325301205
S084_002_00000001.png,female,1.380281690140845,0.6163522012578616,0.660377358490566,0.31722054380664655,0.48036253776435045
S085_003_00000001.png,female,1.3840830449826989,0.6299212598425197,0.6440944881889764,0.3098484848484849,0.4810606060606061
S086_001_00000001.png,female,1.4042553191489362,0.6449511400651465,0.7035830618892508,0.32335329341317365,0.4595808383233533
S086_002_00000001.png,female,1.3776223776223777,0.6175548589341693,0.6739811912225705,0.3152492668621701,0.46774193548387094
S095_004_00000001.png,female,1.416949152542373,0.6521060842433697,0.7004680187207488,0.31442577030812324,0.4488795518207283
S102_004_00000001.png,female,1.420849420849421,0.6082644628099173,0.6495867768595042,0.3051242236024845,0.4697204968944099
S103_003_00000001.png,female,1.593625498007968,0.6051437216338881,0.6853252647503782,0.32636887608069165,0.4762247838616715
S104_002_00000001.png,female,1.2660550458715596,0.5648021828103683,0.6480218281036835,0.3175133689839572,0.4899732620320856
S106_001_00000001.png,female,1.3146417445482865,0.6730462519936204,0.7065390749601276,0.3335843373493976,0.47213855421686746
S106_002_00000001.png,female,1.3130699088145896,0.6515837104072398,0.6892911010558069,0.3340643274853801,0.48464912280701755
S106_005_00000001.png,female,1.3191489361702127,0.6506746626686657,0.6821589205397302,0.33163265306122447,0.48615160349854225
S108_004_00000001.png,female,1.3333333333333333,0.5968253968253968,0.6571428571428571,0.3174846625766871,0.4831288343558282
S109_003_00000001.png,female,1.3028169014084507,0.5817610062893082,0.6540880503144654,0.32098765432098764,0.49074074074074076
S110_004_00000001.png,female,1.2264150943396226,0.5786350148367952,0.6320474777448071,0.30869565217391304,0.48840579710144927
S111_004_00000001.png,female,1.304054054054054,0.5778443113772455,0.6796407185628742,0.3188202247191011,0.4691011235955056
S112_003_00000001.png,female,1.2023460410557185,0.6110283159463488,0.7049180327868853,0.3136604774535809,0.4449602122015915
S114_003_00000001.png,female,1.2710280373831775,0.5674547983310153,0.6300417246175244,0.3145833333333333,0.49930555555555556
S115_003_00000001.png,female,1.4507042253521127,0.6094674556213018,0.650887573964497,0.31339031339031337,0.48148148148148145
S117_004_00000001.png,female,1.158878504672897,0.5821596244131455,0.702660406885759,0.3234870317002882,0.4603746397694525
S121_004_00000001.png,female,1.2763532763532763,0.6696562032884903,0.7040358744394619,0.3316901408450704,0.47112676056338026
S122_002_00000001.png,female,1.1977077363896849,0.5813630041724618,0.6801112656467315,0.32951482479784366,0.48450134770889486
S124_005_00000001.png,female,1.305019305019305,0.5699831365935919,0.6492411467116358,0.31048387096774194,0.4782258064516129
S125_001_00000001.png,female,1.5180722891566265,0.5806451612903226,0.5944700460829493,0.29496951219512196,0.4961890243902439
S125_002_00000001.png,female,1.5725806451612903,0.5873493975903614,0.5753012048192772,0.2876506024096386,0.5
S125_005_00000001.png,female,1.4752851711026616,0.5799701046337817,0.57847533632287,0.28880597014925374,0.4992537313432836
S127_003_00000001.png,female,1.3639575971731448,0.5475177304964539,0.6170212765957447,0.3012465373961219,0.48822714681440443
S128_002_00000001.png,female,1.2077922077922079,0.5705521472392638,0.6625766871165644,0.32142857142857145,0.4851190476190476
S129_005_00000001.png,female,1.3401360544217686,0.5811209439528023,0.6283185840707964,0.312316715542522,0.4970674486803519
S130_005_00000001.png,female,1.393939393939394,0.5889046941678521,0.6244665718349929,0.30571030640668523,0.4895543175487465
S133_003_00000001.png,female,1.5,0.6414473684210527,0.6348684210526315,0.31129032258064515,0.49032258064516127
S136_003_00000001.png,female,1.4779116465863453,0.6444833625218914,0.6777583187390543,0.3161764705882353,0.4665032679738562
S137_003_00000001.png,female,1.3674121405750799,0.6053748231966054,0.6633663366336634,0.32211538461538464,0.4855769230769231
S138_004_00000001.png,female,1.3244147157190636,0.5954887218045113,0.6511278195488722,0.3092857142857143,0.475
S139_002_00000001.png,female,1.30625,0.55,0.6131578947368421,0.31233243967828417,0.5093833780160858
S147_002_00000001.png,female,1.2103746397694524,0.6593406593406593,0.7582417582417582,0.3479827089337176,0.4589337175792507
S148_002_00000001.png,female,1.234726688102894,0.5880551301684533,0.6845329249617151,0.3104166666666667,0.4534722222222222
S149_002_00000001.png,female,1.5225806451612902,0.7087087087087087,0.7087087087087087,0.3277777777777778,0.4625
S151_002_00000001.png,female,1.3402061855670102,0.5291723202170964,0.6037991858887382,0.30563186813186816,0.5061813186813187
S154_002_00000001.png,female,1.3725490196078431,0.6158357771260997,0.6598240469208211,0.31337047353760444,0.47493036211699163
S155_002_00000001.png,female,1.3900709219858156,0.5616045845272206,0.6275071633237822,0.31196581196581197,0.49715099715099714
S156_002_00000001.png,female,1.3377483443708609,0.5855072463768116,0.5942028985507246,0.3023598820058997,0.5088495575221239
S157_002_00000001.png,female,1.3096774193548386,0.5953079178885631,0.656891495601173,0.3163841807909605,0.481638418079096
S158_002_00000001.png,female,1.345029239766082,0.7301587301587301,0.7523809523809524,0.34852941176470587,0.4632352941176471
S160_006_00000001.png,female,1.4539007092198581,0.6765676567656765,0.7095709570957096,0.3208955223880597,0.45223880597014926
S501_001_00000001.png,female,1.5114942528735633,0.6778350515463918,0.6572164948453608,0.3269230769230769,0.49743589743589745
S502_002_00000001.png,female,1.5354107648725213,0.6339181286549708,0.6163742690058479,0.30927230046948356,0.5017605633802817
S503_006_00000001.png,female,1.56838905775076,0.6590038314176245,0.6168582375478927,0.312015503875969,0.5058139534883721
S895_002_00000001.png,female,1.4721189591078068,0.5764192139737991,0.6244541484716157,0.3038243626062323,0.48654390934844194
S999_001_00000001.png,female,1.263768115942029,0.5349693251533743,0.6319018404907976,0.30581947743467935,0.4839667458432304
S999_003_00000001.png,female,1.3415384615384616,0.5625806451612904,0.6490322580645161,0.30745721271393645,0.4737163814180929
S037_003_00000001.png,male,1.2129963898916967,0.5358851674641149,0.6267942583732058,0.3051242236024845,0.48680124223602483
S042_006_00000001.png,male,1.374485596707819,0.5448613376835236,0.601957585644372,0.2966237942122186,0.4927652733118971
S044_001_00000001.png,male,1.3767441860465117,0.5352622061482821,0.6130198915009042,0.30376344086021506,0.49551971326164873
S045_005_00000001.png,male,1.250936329588015,0.5632377740303541,0.6188870151770658,0.3068561872909699,0.49581939799331104
S050_002_00000001.png,male,1.4755555555555555,0.5896980461811723,0.6269982238010657,0.305363321799308,0.4870242214532872
S053_001_00000001.png,male,1.3915492957746478,0.7954911433172303,0.9355877616747182,0.39256756756756755,0.4195945945945946
S054_003_00000001.png,male,1.396103896103896,0.587431693989071,0.6311475409836066,0.3055555555555556,0.48412698412698413
S056_003_00000001.png,male,1.021978021978022,0.5344827586206896,0.6494252873563219,0.3054054054054054,0.4702702702702703
S058_005_00000001.png,male,1.2544378698224852,0.6253687315634219,0.7256637168141593,0.3228346456692913,0.4448818897637795
S062_002_00000001.png,male,1.5064935064935066,0.6904761904761905,0.6785714285714286,0.31666666666666665,0.4666666666666667
S063_002_00000001.png,male,1.395973154362416,0.5459317585301837,0.5879265091863517,0.28940568475452194,0.49224806201550386
S064_002_00000001.png,male,1.2253968253968255,0.5735512630014858,0.6939078751857355,0.32430555555555557,0.4673611111111111
S073_003_00000001.png,male,1.375,0.6333333333333333,0.706060606060606,0.32005494505494503,0.4532967032967033
S075_004_00000001.png,male,1.3865814696485623,0.5718050065876152,0.6310935441370223,0.30470737913486007,0.48282442748091603
S079_003_00000001.png,male,1.3690851735015772,0.7245409015025042,0.7328881469115192,0.3376923076923077,0.46076923076923076
S081_002_00000001.png,male,1.2117647058823529,0.5919540229885057,0.6695402298850575,0.3157181571815718,0.4715447154471545
S082_001_00000001.png,male,1.4014084507042253,0.5818713450292398,0.6286549707602339,0.30196629213483145,0.4803370786516854
S082_002_00000001.png,male,1.3710247349823321,0.5834586466165413,0.6661654135338346,0.31642857142857145,0.475
S082_003_00000001.png,male,1.3651877133105803,0.5925925925925926,0.6533333333333333,0.3079608938547486,0.4713687150837989
S082_006_00000001.png,male,1.408450704225352,0.5747126436781609,0.6264367816091954,0.29863013698630136,0.4767123287671233
S088_002_00000001.png,male,1.3081761006289307,0.5698630136986301,0.5945205479452055,0.29483695652173914,0.49592391304347827
S089_002_00000001.png,male,1.2380952380952381,0.5627705627705628,0.6103896103896104,0.29052197802197804,0.47596153846153844
S092_003_00000001.png,male,1.2698412698412698,0.583941605839416,0.6583941605839416,0.2990716180371353,0.4542440318302387
S096_002_00000001.png,male,1.4927536231884058,0.6167664670658682,0.6497005988023952,0.3073654390934844,0.4730878186968839
S099_002_00000001.png,male,1.3248407643312101,0.6645367412140575,0.7092651757188498,0.32456140350877194,0.45760233918128657
S101_003_00000001.png,male,1.0604395604395604,0.5920245398773006,0.7515337423312883,0.33653846153846156,0.4478021978021978
S105_006_00000001.png,male,1.308724832214765,0.6794425087108014,0.7804878048780488,0.3404255319148936,0.43617021276595747
S107_004_00000001.png,male,1.4782608695652173,0.6035502958579881,0.6124260355029586,0.30174927113702626,0.49271137026239065
S113_005_00000001.png,male,1.191977077363897,0.5850914205344585,0.7046413502109705,0.32702349869451697,0.4640992167101828
S116_004_00000001.png,male,1.249190938511327,0.5857359635811836,0.6358118361153262,0.3010057471264368,0.4734195402298851
S118_003_00000001.png,male,1.4186851211072664,0.6038291605301914,0.658321060382916,0.30449591280653954,0.46253405994550406
S119_002_00000001.png,male,1.3191489361702127,0.5904761904761905,0.6857142857142857,0.31213872832369943,0.4552023121387283
S126_002_00000001.png,male,1.28,0.6808510638297872,0.7708674304418985,0.33739255014326647,0.4376790830945559
S131_004_00000001.png,male,1.34006734006734,0.5967016491754122,0.6521739130434783,0.3143063583815029,0.4819364161849711
S132_005_00000001.png,male,1.3411764705882352,0.5437201907790143,0.6248012718600954,0.30045871559633025,0.4808868501529052
S134_003_00000001.png,male,1.3404255319148937,0.5709969788519638,0.6072507552870091,0.29558823529411765,0.48676470588235293
S135_003_00000001.png,male,1.1818181818181819,0.5260115606936416,0.6502890173410405,0.3073770491803279,0.4726775956284153
S504_004_00000001.png,male,1.5433526011560694,0.6592592592592592,0.671604938271605,0.3105022831050228,0.4623287671232877
S505_002_00000001.png,male,1.5714285714285714,0.7412398921832885,0.6900269541778976,0.32323232323232326,0.4684343434343434
S506_004_00000001.png,male,1.6143790849673203,0.6693766937669376,0.6720867208672087,0.3163265306122449,0.47066326530612246
002A18.JPG,female,1.1879699248120301,0.49323621227887615,0.5504682622268471,0.2875,0.5222826086956521
002A26.JPG,female,1.2586666666666666,0.5102702702702703,0.4810810810810811,0.2450440528634361,0.5093612334801763
005A18.JPG,female,1.16875,0.5223463687150838,0.5865921787709497,0.2966101694915254,0.5056497175141242
005A35.JPG,female,1.1935483870967742,0.43529411764705883,0.48823529411764705,0.2688984881209503,0.550755939524838
008A16.JPG,female,1.2208588957055215,0.5223097112860893,0.5065616797900262,0.26222826086956524,0.5176630434782609
008A41.JPG,female,1.3191489361702127,0.5329512893982808,0.5300859598853869,0.27046783625730997,0.5102339181286549
009A00.JPG,female,1.6710875331564987,0.6158357771260997,0.52297165200391,0.2809873949579832,0.5372899159663865
009A01.JPG,female,1.5086206896551724,0.7478632478632479,0.7222222222222222,0.3595744680851064,0.4978723404255319
009A03.JPG,female,1.509433962264151,0.7054673721340388,0.7248677248677249,0.3425,0.4725
009A05.JPG,female,1.4285714285714286,0.9629629629629629,0.8518518518518519,0.34328358208955223,0.40298507462686567
009A22a.JPG,female,1.338403041825095,0.5856905158069884,0.5540765391014975,0.28220338983050847,0.5093220338983051
010A18.JPG,female,1.3737373737373737,0.6721581548599671,0.5947281713344317,0.2911290322580645,0.48951612903225805
012A32.JPG,female,1.2735849056603774,0.5532786885245902,0.5963114754098361,0.30186721991701243,0.5062240663900415
014A22.JPG,female,1.2506887052341598,0.4866023579849946,0.5198285101822079,0.2793778801843318,0.5374423963133641
015A19.JPG,female,1.2904884318766068,0.5300950369588173,0.5564941921858501,0.29148230088495575,0.5237831858407079
018A11.JPG,female,1.3454545454545455,0.5866364665911665,0.5855039637599094,0.2891498881431767,0.49384787472035796
020A02.JPG,female,1.3154761904761905,0.46234309623430964,0.4874476987447699,0.264172335600907,0.5419501133786848
020A04.JPG,female,1.3291139240506329,0.49295774647887325,0.5117370892018779,0.2831168831168831,0.5532467532467532
020A08.JPG,female,1.1838006230529594,0.7739307535641547,0.8737270875763747,0.3857913669064748,0.44154676258992803
020A11.JPG,female,1.1312649164677804,0.7043090638930164,0.7325408618127786,0.31123737373737376,0.42487373737373735
020A13.JPG,female,1.3031026252983293,0.5265188042430087,0.5081967213114754,0.2548355899419729,0.5014506769825918
020A26.JPG,female,1.2682926829268293,0.47706422018348627,0.5137614678899083,0.27586206896551724,0.5369458128078818
021A16.JPG,female,1.0574712643678161,0.5257142857142857,0.6342857142857142,0.3074792243767313,0.48476454293628807
025A19.JPG,female,1.300275482093664,0.6771879483500718,0.7015781922525107,0.3110687022900763,0.44338422391857507
027A18.JPG,female,1.221505376344086,0.6318131256952169,0.6774193548387096,0.3132716049382716,0.4624485596707819
030A18.JPG,female,1.2587412587412588,0.6724782067247821,0.6562889165628891,0.2857917570498915,0.43546637744034705
032A24.JPG,female,1.296875,0.516597510373444,0.5394190871369294,0.2760084925690021,0.5116772823779193
034A18.JPG,female,1.0831556503198294,0.6764314247669774,0.8242343541944075,0.36072261072261075,0.4376456876456876
039A15.JPG,female,1.2150537634408602,0.49344978165938863,0.517467248908297,0.2762237762237762,0.5337995337995338
039A50.JPG,female,1.2445652173913044,0.6090425531914894,0.6808510638297872,0.31840796019900497,0.46766169154228854
043A27.JPG,female,1.2840909090909092,0.601063829787234,0.6675531914893617,0.3083538083538084,0.4619164619164619
047A11.JPG,female,1.5331412103746398,0.6207701283547258,0.5939323220536756,0.2827777777777778,0.4761111111111111
047A45.JPG,female,1.5725593667546174,0.6499454743729552,0.5965103598691385,0.27241035856573703,0.45667330677290835
049A15.JPG,female,1.2227722772277227,0.5825471698113207,0.6344339622641509,0.3099078341013825,0.48847926267281105
052A14.JPG,female,1.2065727699530517,0.5827664399092971,0.6167800453514739,0.2956521739130435,0.47934782608695653
054A19.JPG,female,1.335064935064935,0.5497326203208556,0.6106951871657754,0.2980167014613779,0.4879958246346555
059A16.JPG,female,1.225181598062954,0.5388711395101171,0.5995740149094781,0.3086622807017544,0.5148026315789473
060A19.JPG,female,1.420731707317073,0.5247747747747747,0.509009009009009,0.2709832134292566,0.5323741007194245
061A19.JPG,female,1.4878706199460916,0.6626650660264105,0.6926770708283313,0.3241573033707865,0.46797752808988763
062A18.JPG,female,1.2098765432098766,0.6355382619974059,0.7068741893644618,0.32752403846153844,0.46334134615384615
062A38.JPG,female,1.6892430278884463,0.6300148588410104,0.6552748885586924,0.30040871934604907,0.45844686648501365
065A09.JPG,female,1.262672811059908,0.683291770573566,0.6982543640897756,0.3333333333333333,0.4773809523809524
067A39.JPG,female,1.255813953488372,0.656934306569343,0.6399026763990268,0.2988636363636364,0.46704545454545454
072A13.JPG,female,1.1370558375634519,0.6103542234332425,0.670299727520436,0.3253968253968254,0.48544973544973546
072A41.JPG,female,1.1151832460732984,0.4786516853932584,0.5303370786516854,0.28433734939759037,0.536144578313253
073A15.JPG,female,1.431438127090301,0.4687842278203724,0.5224534501642936,0.2766821345707657,0.5295823665893271
076A11.JPG,female,1.2941176470588236,0.5309548793284365,0.4627492130115425,0.24609375,0.5318080357142857
077A14.JPG,female,1.2,0.6038216560509554,0.5821656050955414,0.2834987593052109,0.4869727047146402
001A16.JPG,male,1.2044374009508716,0.5805958747135218,0.6653934300993124,0.32307121661721067,0.48553412462908013
001A29.JPG,male,1.1975051975051976,0.5956566701137539,0.656670113753878,0.30470249520153553,0.46401151631477927
003A25.JPG,male,1.2126436781609196,0.6063218390804598,0.6896551724137931,0.31496062992125984,0.4566929133858268
003A49.JPG,male,1.1626794258373205,0.45590994371482174,0.551594746716698,0.28823529411764703,0.5225490196078432
004A21.JPG,male,1.346704871060172,0.5941845764854614,0.6131479140328698,0.3001237623762376,0.48948019801980197
004A48.JPG,male,1.2116788321167884,0.5478547854785478,0.5957095709570958,0.29736408566721584,0.49917627677100496
006A28.JPG,male,1.384180790960452,0.6363636363636364,0.6805194805194805,0.30823529411764705,0.45294117647058824
006A61.JPG,male,1.4830769230769232,0.5199568500539374,0.5555555555555556,0.2817286652078775,0.5071115973741794
007A22.JPG,male,1.3029315960912051,0.7233273056057866,0.783001808318264,0.3447452229299363,0.44028662420382164
011A13.JPG,male,1.4838709677419355,0.6396965865992414,0.6890012642225032,0.3244047619047619,0.4708333333333333
011A40.JPG,male,1.4526315789473685,0.7832009080590239,0.8842224744608399,0.36064814814814816,0.4078703703703704
013A34.JPG,male,1.3611793611793612,0.7726638772663877,0.8633193863319386,0.3416114790286976,0.3956953642384106
013A44.JPG,male,1.3864306784660767,0.5484247374562428,0.6102683780630105,0.29581447963800905,0.4847285067873303
016A17.JPG,male,1.1842105263157894,0.6147540983606558,0.6584699453551912,0.3121761658031088,0.4740932642487047
017A36.JPG,male,1.4134897360703813,0.6817538896746818,0.7425742574257426,0.3297738693467337,0.44409547738693467
019A23.JPG,male,1.077922077922078,0.5198329853862212,0.5615866388308977,0.2956043956043956,0.5263736263736264
022A11.JPG,male,1.5085714285714287,0.7115902964959568,0.7196765498652291,0.33044554455445546,0.4591584158415842
022A26.JPG,male,1.3144208037825058,0.5532338308457712,0.5383084577114428,0.2721327967806841,0.505533199195171
023A16.JPG,male,1.1216216216216217,0.46629213483146065,0.5093632958801498,0.2551594746716698,0.50093808630394
024A23.JPG,male,1.3114754098360655,0.5108556832694764,0.5759897828863346,0.2832914572864322,0.49183417085427134
028A18.JPG,male,1.3020833333333333,0.7485029940119761,0.7784431137724551,0.3439153439153439,0.4417989417989418
028A41.JPG,male,1.206997084548105,0.5247148288973384,0.5462610899873257,0.2720959595959596,0.4981060606060606
029A16.JPG,male,1.2304147465437787,0.5393939393939394,0.5616161616161616,0.2813765182186235,0.5010121457489879
031A15.JPG,male,1.2423529411764707,0.4985835694050991,0.6052880075542965,0.3040796963946869,0.5023719165085389
033A05.JPG,male,1.3636363636363635,0.5526315789473685,0.5157894736842106,0.2776203966005666,0.5382436260623229
033A10.JPG,male,1.5119363395225465,0.5571847507331378,0.5249266862170088,0.2745398773006135,0.5230061349693251
033A14.JPG,male,1.337719298245614,0.5565693430656934,0.6040145985401459,0.30478821362799263,0.5046040515653776
035A18.JPG,male,1.1643454038997214,0.49702734839476814,0.5695600475624257,0.300125313283208,0.5269423558897243
036A18.JPG,male,1.2239583333333333,0.5108695652173914,0.5695652173913044,0.29571106094808125,0.5191873589164786
037A18.JPG,male,1.3248407643312101,0.7003367003367004,0.734006734006734,0.3323170731707317,0.4527439024390244
038A34.JPG,male,1.1189979123173277,0.481581311769991,0.5543575920934412,0.28777985074626866,0.5191231343283582
040A21.JPG,male,1.074468085106383,0.47641509433962265,0.6061320754716981,0.2960829493087558,0.48847926267281105
041A20.JPG,male,1.3144329896907216,0.5592105263157895,0.6030701754385965,0.31038374717832956,0.5146726862302483
042A28.JPG,male,1.147186147186147,0.5226824457593688,0.5857988165680473,0.28178368121442127,0.4810246679316888
044A17.JPG,male,1.2186732186732188,0.4692526017029328,0.4966887417218543,0.26093439363817095,0.5253479125248509
044A25.JPG,male,1.0666666666666667,0.4904214559386973,0.49808429118773945,0.24904214559386972,0.5
045A08.JPG,male,1.4620253164556962,0.5422535211267606,0.5633802816901409,0.29484029484029484,0.5233415233415234
045A12.JPG,male,1.0852017937219731,0.7138643067846607,0.799410029498525,0.3492268041237113,0.4368556701030928
045A17.JPG,male,1.0662983425414365,0.6967509025270758,0.8267148014440433,0.35015290519877673,0.4235474006116208
045A18.JPG,male,1.2219321148825066,0.5901639344262295,0.639344262295082,0.31142506142506143,0.4871007371007371
045A43.JPG,male,1.2098765432098766,0.5263157894736842,0.6154672395273899,0.3034957627118644,0.493114406779661
046A14.JPG,male,1.2641509433962264,0.4962962962962963,0.4691358024691358,0.24611398963730569,0.5246113989637305
046A18.JPG,male,1.2176308539944904,0.6606875934230194,0.6860986547085202,0.31875,0.46458333333333335
048A27.JPG,male,1.2953367875647668,0.6053268765133172,0.6585956416464891,0.3177570093457944,0.4824766355140187
048A50.JPG,male,1.301980198019802,0.5717391304347826,0.6239130434782608,0.3099352051835853,0.49676025917926564
050A16.JPG,male,1.1452282157676348,0.6494117647058824,0.7152941176470589,0.3431151241534989,0.4796839729119639
051A16.JPG,male,1.2,0.5573770491803278,0.6131147540983607,0.310287610619469,0.5060840707964602
053A15.JPG,male,1.256281407035176,0.5773672055427251,0.651270207852194,0.32045454545454544,0.49204545454545456
055A23.JPG,male,1.2268041237113403,0.49583333333333335,0.525,0.28125,0.5357142857142857
056A15.JPG,male,1.1774193548387097,0.5793650793650794,0.6164021164021164,0.28484107579462103,0.4621026894865526
057A05.JPG,male,1.171875,0.7653061224489796,0.7755102040816326,0.336283185840708,0.4336283185840708
057A06.JPG,male,1.5157894736842106,0.5603112840466926,0.5901426718547341,0.3049597855227882,0.5167560321715817
057A16.JPG,male,1.2195121951219512,0.5548705302096177,0.5980271270036991,0.3008684863523573,0.5031017369727047
058A10.JPG,male,1.2549019607843137,0.6483357452966715,0.7308248914616498,0.3357712765957447,0.45944148936170215
063A20.JPG,male,1.3506493506493507,0.5733186328555678,0.6648291069459757,0.3200636942675159,0.48142250530785563
064A10.JPG,male,1.3898305084745763,0.6134663341645885,0.6907730673316709,0.3162100456621005,0.4577625570776256
066A00.JPG,male,1.6666666666666667,0.5823293172690763,0.5020080321285141,0.26260504201680673,0.523109243697479
066A02a.JPG,male,1.649546827794562,0.7788873038516405,0.746077032810271,0.3361182519280206,0.4505141388174807
066A02b.JPG,male,1.48125,0.49581589958158995,0.45188284518828453,0.2505800464037123,0.5545243619489559
066A03.JPG,male,1.3434782608695652,0.7573529411764706,0.7720588235294118,0.3629032258064516,0.4700460829493088
066A04.JPG,male,1.5,0.6731707317073171,0.6365853658536585,0.3,0.47126436781609193
066A06a.JPG,male,1.4428152492668622,0.6482213438735178,0.5942028985507246,0.28910256410256413,0.48653846153846153
066A06b.JPG,male,1.3623853211009174,0.6971830985915493,0.7276995305164319,0.3311965811965812,0.4551282051282051
066A07.JPG,male,1.4197530864197532,0.48936170212765956,0.5170212765957447,0.28321678321678323,0.5477855477855478
066A08.JPG,male,1.3074935400516796,0.6791946308724832,0.7127516778523489,0.32536764705882354,0.4564950980392157
066A09.JPG,male,1.2702702702702702,0.6266666666666667,0.656,0.31218274111675126,0.47588832487309646
066A11.JPG,male,1.481081081081081,0.6867167919799498,0.7418546365914787,0.33109619686800895,0.4463087248322148
068A14.JPG,male,1.1566265060240963,0.6241872561768531,0.6176853055916776,0.30448717948717946,0.492948717948718
069A11.JPG,male,1.5542521994134897,0.6169965075669382,0.6181606519208381,0.298314606741573,0.48258426966292134
070A12.JPG,male,1.497142857142857,0.5402061855670103,0.5237113402061856,0.2778993435448578,0.5306345733041575
071A42.JPG,male,1.2240437158469946,0.5056433408577878,0.5440180586907449,0.28827751196172247,0.5299043062200957
074A15.JPG,male,1.3156342182890854,0.527810650887574,0.6118343195266273,0.30483490566037735,0.4982311320754717
075A11.JPG,male,1.3529411764705883,0.47717842323651455,0.45643153526970953,0.248868778280543,0.5452488687782805
078A12.JPG,male,1.2047619047619047,0.5315126050420168,0.5861344537815126,0.30392156862745096,0.5185185185185185
079A13.JPG,male,1.2493438320209973,0.49635036496350365,0.4786235662148071,0.2527533039647577,0.5280837004405287
080A14.JPG,male,1.3746312684365782,0.4750254841997961,0.5127420998980632,0.2727765726681128,0.5319956616052061
081A12.JPG,male,1.3371428571428572,0.49056603773584906,0.5345911949685535,0.28846153846153844,0.5395927601809954
082A21.JPG,male,1.4224924012158056,0.6852122986822841,0.7218155197657394,0.32349081364829396,0.44816272965879267
image_0073.jpg,female,1.1649484536082475,0.5947368421052631,0.6736842105263158,0.3144963144963145,0.4668304668304668
image_0115.jpg,female,1.1491228070175439,0.5574468085106383,0.6425531914893617,0.3172268907563025,0.49369747899159666
image_0166.jpg,female,1.3095890410958904,0.5026288117770767,0.5436382754994742,0.2785560344827586,0.5123922413793104
image_0188.jpg,female,1.2401960784313726,0.6325,0.6775,0.3072562358276644,0.45351473922902497
image_0283.jpg,female,1.2009925558312655,0.5255157437567861,0.6351791530944625,0.3138412017167382,0.49409871244635195
image_0337.jpg,female,1.452991452991453,0.5736782902137233,0.6175478065241845,0.30164835164835163,0.48846153846153845
image_0375.jpg,female,1.2378378378378379,0.604221635883905,0.6543535620052771,0.3076923076923077,0.47022332506203474
image_0399.jpg,female,1.2865168539325842,0.4654471544715447,0.4796747967479675,0.2548596112311015,0.531317494600432
image_0420.jpg,female,1.3280423280423281,0.6553524804177546,0.6892950391644909,0.336734693877551,0.4885204081632653
image_0434.jpg,female,1.1225490196078431,0.6291208791208791,0.7087912087912088,0.32741116751269034,0.4619289340101523
image_0009.jpg,male,1.2237196765498652,0.5934640522875817,0.6836601307189543,0.3252487562189055,0.47574626865671643
image_0026.jpg,male,1.4433656957928802,0.5472392638036809,0.5435582822085889,0.27896725440806047,0.5132241813602015
image_0042.jpg,male,1.2461538461538462,0.5294117647058824,0.6492374727668845,0.3097713097713098,0.47713097713097713
image_0053.jpg,male,1.5477707006369428,0.6,0.5407407407407407,0.26838235294117646,0.4963235294117647
image_0101.jpg,male,1.1869436201780414,0.5412719891745602,0.5886332882273342,0.2955163043478261,0.5020380434782609
image_0147.jpg,male,1.2584269662921348,0.5283018867924528,0.5872641509433962,0.2855504587155963,0.48623853211009177
image_0163.jpg,male,1.262672811059908,0.5362035225048923,0.6634050880626223,0.3150557620817844,0.474907063197026
image_0204.jpg,male,1.3773584905660377,0.6,0.6027397260273972,0.29023746701846964,0.4815303430079156
image_0217.jpg,male,1.2326732673267327,0.5659090909090909,0.6318181818181818,0.2944915254237288,0.4661016949152542
image_0245.jpg,male,1.132791327913279,0.531130876747141,0.6238881829733164,0.31075949367088607,0.4981012658227848
image_0264.jpg,male,1.0070588235294118,0.520048602673147,0.6646415552855407,0.314367816091954,0.4729885057471264
image_0266.jpg,male,1.004524886877828,0.5199063231850117,0.6487119437939111,0.30372807017543857,0.4682017543859649
image_0291.jpg,male,1.1916010498687664,0.5334900117508813,0.6333725029377203,0.3048642533936652,0.4813348416289593
image_0316.jpg,male,1.0628019323671498,0.48997772828507796,0.5033407572383074,0.24672489082969432,0.490174672489083
image_0377.jpg,male,1.108433734939759,0.5174353205849269,0.6625421822272216,0.32221006564551424,0.4863238512035011
image_0401.jpg,male,1.2085561497326203,0.5664160401002506,0.6265664160401002,0.2976190476190476,0.475
image_0408.jpg,male,1.2769679300291545,0.5017182130584192,0.6036655211912944,0.29408482142857145,0.48716517857142855
